Alpha,Exceedances,Queue_Count,Method
0.5,55.99439405961162,1506,Original Network
0.5,41.40974419235305,1506,Original Network
0.5,60.72141276489119,1506,Original Network
0.5,54.01855606203445,1506,Original Network
0.5,51.43276123710925,1506,Original Network
0.5,53.60250814598658,1506,Original Network
0.5,57.50724852898786,1506,Original Network
0.5,50.44913475348275,1506,Original Network
0.5,48.22706150967036,1506,Original Network
0.5,50.15355393616278,1506,Original Network
0.5,54.07421659595587,1506,Original Network
0.5,59.16617094877983,1506,Original Network
0.5,44.75148679496522,1506,Original Network
0.5,36.7623885232582,1506,Original Network
0.5,68.97625049798978,1506,Original Network
0.5,54.50804579065472,1506,Original Network
0.5,58.00432228693118,1506,Original Network
0.5,59.04704106878035,1506,Original Network
0.5,52.681989442859184,1506,Original Network
0.5,39.472824233693906,1506,Original Network
0.5,51.58771934858911,1506,Original Network
0.5,56.24180104614902,1506,Original Network
0.5,64.47120125381011,1506,Original Network
0.5,36.860964882704124,1506,Original Network
0.5,30.751261773001055,1506,Original Network
0.5,52.9205182248662,1506,Original Network
0.5,54.073743834613545,1506,Original Network
0.5,54.01014679275568,1506,Original Network
0.5,35.51767127854095,1506,Original Network
0.5,54.73424356033068,1506,Original Network
0.5,40.312559573429276,1506,Original Network
0.5,33.095749595749695,1506,Original Network
0.5,45.47438647438662,1506,Original Network
0.5,43.91861474470188,1506,Original Network
0.5,44.16483468657397,1506,Original Network
0.5,45.89033467294356,1506,Original Network
0.5,43.24517326691252,1506,Original Network
0.5,55.391599674208535,1506,Original Network
0.5,53.868801434018984,1506,Original Network
0.5,55.56842485103373,1506,Original Network
0.5,46.81664464273179,1506,Original Network
0.5,37.89200667461549,1506,Original Network
0.5,62.048861092339514,1506,Original Network
0.5,50.03597505771432,1506,Original Network
0.5,29.95373825808624,1506,Original Network
0.5,41.700402983011806,1506,Original Network
0.5,34.22327224501147,1506,Original Network
0.5,36.045336067075354,1506,Original Network
0.5,53.190349451219184,1506,Original Network
0.5,66.1299364342844,1506,Original Network
0.55,72.75924730272583,1506,Original Network
0.55,68.98081502429346,1506,Original Network
0.55,79.90010268271153,1506,Original Network
0.55,82.78002584524336,1506,Original Network
0.55,79.03000755174683,1506,Original Network
0.55,61.30487582661511,1506,Original Network
0.55,78.1109336761513,1506,Original Network
0.55,91.0071650723826,1506,Original Network
0.55,88.04010914880494,1506,Original Network
0.55,85.24222550309521,1506,Original Network
0.55,80.34745663006552,1506,Original Network
0.55,80.21045149306035,1506,Original Network
0.55,70.07551435812327,1506,Original Network
0.55,85.03964284399082,1506,Original Network
0.55,84.31047889743553,1506,Original Network
0.55,59.34998089345932,1506,Original Network
0.55,73.2665620709101,1506,Original Network
0.55,84.65359267533195,1506,Original Network
0.55,57.678397221875635,1506,Original Network
0.55,61.900509443987886,1506,Original Network
0.55,72.8159138593923,1506,Original Network
0.55,88.13589844024636,1506,Original Network
0.55,60.898011963229514,1506,Original Network
0.55,79.31256435604277,1506,Original Network
0.55,101.94733481690028,1506,Original Network
0.55,90.8083618735794,1506,Original Network
0.55,71.89553719988521,1506,Original Network
0.55,67.94164422425311,1506,Original Network
0.55,68.95582873843757,1506,Original Network
0.55,58.37864142211987,1506,Original Network
0.55,72.34158788506639,1506,Original Network
0.55,85.36304268912981,1506,Original Network
0.55,85.06810011157856,1506,Original Network
0.55,78.12445842880639,1506,Original Network
0.55,81.74406704841499,1506,Original Network
0.55,69.91249945597791,1506,Original Network
0.55,87.62558066905905,1506,Original Network
0.55,107.01499660195331,1506,Original Network
0.55,101.85003995873578,1506,Original Network
0.55,86.26517654778532,1506,Original Network
0.55,74.4619110271286,1506,Original Network
0.55,80.7396507831291,1506,Original Network
0.55,77.72379426727262,1506,Original Network
0.55,72.99644030078827,1506,Original Network
0.55,59.202179006526976,1506,Original Network
0.55,77.76588580936424,1506,Original Network
0.55,56.41081095428939,1506,Original Network
0.55,86.59145337406227,1506,Original Network
0.55,97.33048767831393,1506,Original Network
0.55,78.7429445690317,1506,Original Network
0.6000000000000001,101.12456818978573,1506,Original Network
0.6000000000000001,103.17577443664423,1506,Original Network
0.6000000000000001,120.6717144760625,1506,Original Network
0.6000000000000001,117.5708668534757,1506,Original Network
0.6000000000000001,91.22796279318034,1506,Original Network
0.6000000000000001,113.9002401828491,1506,Original Network
0.6000000000000001,139.00414030848847,1506,Original Network
0.6000000000000001,117.59660520530105,1506,Original Network
0.6000000000000001,128.12983647766276,1506,Original Network
0.6000000000000001,107.52332480593367,1506,Original Network
0.6000000000000001,102.27276057710856,1506,Original Network
0.6000000000000001,117.3416701460182,1506,Original Network
0.6000000000000001,127.26735335431012,1506,Original Network
0.6000000000000001,107.42980319067291,1506,Original Network
0.6000000000000001,127.31228863837582,1506,Original Network
0.6000000000000001,117.16521873043631,1506,Original Network
0.6000000000000001,139.41184471619295,1506,Original Network
0.6000000000000001,117.57114113635875,1506,Original Network
0.6000000000000001,126.57364889973606,1506,Original Network
0.6000000000000001,113.70803627325388,1506,Original Network
0.6000000000000001,111.13602494037295,1506,Original Network
0.6000000000000001,87.96676203197951,1506,Original Network
0.6000000000000001,121.26108382630139,1506,Original Network
0.6000000000000001,130.33480542176216,1506,Original Network
0.6000000000000001,117.92006674615394,1506,Original Network
0.6000000000000001,144.56861687296515,1506,Original Network
0.6000000000000001,124.90252794600639,1506,Original Network
0.6000000000000001,131.2995078212472,1506,Original Network
0.6000000000000001,127.26320730668577,1506,Original Network
0.6000000000000001,105.22080226428074,1506,Original Network
0.6000000000000001,111.95159301681063,1506,Original Network
0.6000000000000001,103.4329429764214,1506,Original Network
0.6000000000000001,130.10454816976582,1506,Original Network
0.6000000000000001,105.32996565605282,1506,Original Network
0.6000000000000001,103.06883185144069,1506,Original Network
0.6000000000000001,98.9889547933028,1506,Original Network
0.6000000000000001,134.07377635638525,1506,Original Network
0.6000000000000001,133.0226260661046,1506,Original Network
0.6000000000000001,108.97825154346913,1506,Original Network
0.6000000000000001,109.47204801552648,1506,Original Network
0.6000000000000001,116.49429529864328,1506,Original Network
0.6000000000000001,109.35848964109843,1506,Original Network
0.6000000000000001,109.32544441240113,1506,Original Network
0.6000000000000001,109.22396978918736,1506,Original Network
0.6000000000000001,116.2914433784001,1506,Original Network
0.6000000000000001,104.50384832993548,1506,Original Network
0.6000000000000001,103.27545031892876,1506,Original Network
0.6000000000000001,90.24276402537284,1506,Original Network
0.6000000000000001,123.51080655428504,1506,Original Network
0.6000000000000001,116.36800991148834,1506,Original Network
0.6500000000000001,176.7884351145223,1506,Original Network
0.6500000000000001,165.3031478683656,1506,Original Network
0.6500000000000001,194.84334095203678,1506,Original Network
0.6500000000000001,225.17256123777864,1506,Original Network
0.6500000000000001,183.00512480947305,1506,Original Network
0.6500000000000001,161.72703353138186,1506,Original Network
0.6500000000000001,174.75685456120263,1506,Original Network
0.6500000000000001,169.59517544300184,1506,Original Network
0.6500000000000001,169.28106462889102,1506,Original Network
0.6500000000000001,153.63948420470203,1506,Original Network
0.6500000000000001,165.94992077600824,1506,Original Network
0.6500000000000001,194.27819936515598,1506,Original Network
0.6500000000000001,171.4965108443371,1506,Original Network
0.6500000000000001,180.903919447398,1506,Original Network
0.6500000000000001,181.04656185090988,1506,Original Network
0.6500000000000001,151.20524155306813,1506,Original Network
0.6500000000000001,210.7344795823058,1506,Original Network
0.6500000000000001,180.05587862109635,1506,Original Network
0.6500000000000001,158.33563687911564,1506,Original Network
0.6500000000000001,194.08690415212175,1506,Original Network
0.6500000000000001,173.48437185393738,1506,Original Network
0.6500000000000001,212.44292476901182,1506,Original Network
0.6500000000000001,175.67776998211843,1506,Original Network
0.6500000000000001,178.76110558719282,1506,Original Network
0.6500000000000001,225.89548722157426,1506,Original Network
0.6500000000000001,188.5438051525011,1506,Original Network
0.6500000000000001,164.64291596900338,1506,Original Network
0.6500000000000001,187.57895616591298,1506,Original Network
0.6500000000000001,163.3351186829452,1506,Original Network
0.6500000000000001,153.3757151800636,1506,Original Network
0.6500000000000001,208.9153092413963,1506,Original Network
0.6500000000000001,164.1531567401137,1506,Original Network
0.6500000000000001,194.79474242517728,1506,Original Network
0.6500000000000001,194.97901484858016,1506,Original Network
0.6500000000000001,194.40203222811942,1506,Original Network
0.6500000000000001,178.90465023073762,1506,Original Network
0.6500000000000001,192.44686827295547,1506,Original Network
0.6500000000000001,166.3299264386227,1506,Original Network
0.6500000000000001,170.09908642517374,1506,Original Network
0.6500000000000001,187.94429474864276,1506,Original Network
0.6500000000000001,171.02028736811386,1506,Original Network
0.6500000000000001,228.55260611782379,1506,Original Network
0.6500000000000001,120.98974607670284,1506,Original Network
0.6500000000000001,166.74598081119854,1506,Original Network
0.6500000000000001,194.59531461705393,1506,Original Network
0.6500000000000001,195.63194345803043,1506,Original Network
0.6500000000000001,142.16322175017876,1506,Original Network
0.6500000000000001,193.2303337738125,1506,Original Network
0.6500000000000001,194.22912807695448,1506,Original Network
0.6500000000000001,133.9535180187357,1506,Original Network
0.7000000000000002,270.1869769913245,1506,Original Network
0.7000000000000002,264.23444658227254,1506,Original Network
0.7000000000000002,260.4849390718955,1506,Original Network
0.7000000000000002,243.3590205111945,1506,Original Network
0.7000000000000002,256.35820268428984,1506,Original Network
0.7000000000000002,237.01837862707455,1506,Original Network
0.7000000000000002,290.14279951236415,1506,Original Network
0.7000000000000002,284.6257564301039,1506,Original Network
0.7000000000000002,276.0006958702607,1506,Original Network
0.7000000000000002,263.09878918574566,1506,Original Network
0.7000000000000002,276.52751485360125,1506,Original Network
0.7000000000000002,225.39498719933505,1506,Original Network
0.7000000000000002,250.15526874222536,1506,Original Network
0.7000000000000002,238.6630522065306,1506,Original Network
0.7000000000000002,316.7995276690926,1506,Original Network
0.7000000000000002,275.7417563287124,1506,Original Network
0.7000000000000002,259.8944183074617,1506,Original Network
0.7000000000000002,244.75365810148438,1506,Original Network
0.7000000000000002,233.74525504960295,1506,Original Network
0.7000000000000002,272.6359967229528,1506,Original Network
0.7000000000000002,271.1113722418067,1506,Original Network
0.7000000000000002,320.5749837271575,1506,Original Network
0.7000000000000002,238.9892517935998,1506,Original Network
0.7000000000000002,295.54311741268236,1506,Original Network
0.7000000000000002,280.46668383624865,1506,Original Network
0.7000000000000002,248.55842392798917,1506,Original Network
0.7000000000000002,227.3168809038375,1506,Original Network
0.7000000000000002,279.0587931457492,1506,Original Network
0.7000000000000002,297.7971198623369,1506,Original Network
0.7000000000000002,255.02726711422386,1506,Original Network
0.7000000000000002,287.0529134007391,1506,Original Network
0.7000000000000002,258.69608380477945,1506,Original Network
0.7000000000000002,273.96252631035196,1506,Original Network
0.7000000000000002,229.7933961194833,1506,Original Network
0.7000000000000002,228.66379422901156,1506,Original Network
0.7000000000000002,268.8796637057503,1506,Original Network
0.7000000000000002,293.71852430548034,1506,Original Network
0.7000000000000002,272.6943345638993,1506,Original Network
0.7000000000000002,263.70000052608765,1506,Original Network
0.7000000000000002,276.8195376456242,1506,Original Network
0.7000000000000002,213.98887635844173,1506,Original Network
0.7000000000000002,274.4099247360113,1506,Original Network
0.7000000000000002,313.70203576725294,1506,Original Network
0.7000000000000002,275.83450818233393,1506,Original Network
0.7000000000000002,278.58275666971264,1506,Original Network
0.7000000000000002,294.4337115424069,1506,Original Network
0.7000000000000002,217.84137792833462,1506,Original Network
0.7000000000000002,285.4475935562887,1506,Original Network
0.7000000000000002,258.0052943531203,1506,Original Network
0.7000000000000002,330.9794888055758,1506,Original Network
0.7500000000000002,404.16083905214384,1506,Original Network
0.7500000000000002,431.388506518942,1506,Original Network
0.7500000000000002,369.4582920235098,1506,Original Network
0.7500000000000002,405.80496143539693,1506,Original Network
0.7500000000000002,413.599921708618,1506,Original Network
0.7500000000000002,346.99544384326975,1506,Original Network
0.7500000000000002,409.71199484243016,1506,Original Network
0.7500000000000002,402.9092472788131,1506,Original Network
0.7500000000000002,382.64838249620897,1506,Original Network
0.7500000000000002,373.734506125811,1506,Original Network
0.7500000000000002,426.2801851062726,1506,Original Network
0.7500000000000002,403.2354248658603,1506,Original Network
0.7500000000000002,404.7913661391928,1506,Original Network
0.7500000000000002,394.38985378115865,1506,Original Network
0.7500000000000002,386.3717310239054,1506,Original Network
0.7500000000000002,383.0743806395984,1506,Original Network
0.7500000000000002,359.2420356333404,1506,Original Network
0.7500000000000002,407.351969982405,1506,Original Network
0.7500000000000002,385.51125516342984,1506,Original Network
0.7500000000000002,424.08925648056135,1506,Original Network
0.7500000000000002,387.30975815758467,1506,Original Network
0.7500000000000002,388.94744577353305,1506,Original Network
0.7500000000000002,440.11396824440357,1506,Original Network
0.7500000000000002,422.95299575734384,1506,Original Network
0.7500000000000002,362.748086356782,1506,Original Network
0.7500000000000002,351.8048351744007,1506,Original Network
0.7500000000000002,375.69962533006066,1506,Original Network
0.7500000000000002,360.67311482528896,1506,Original Network
0.7500000000000002,384.80902020032494,1506,Original Network
0.7500000000000002,395.0102716189677,1506,Original Network
0.7500000000000002,383.50480007001806,1506,Original Network
0.7500000000000002,369.35928594624295,1506,Original Network
0.7500000000000002,330.27794756055584,1506,Original Network
0.7500000000000002,388.47694086824595,1506,Original Network
0.7500000000000002,393.14355277398795,1506,Original Network
0.7500000000000002,354.91968126750754,1506,Original Network
0.7500000000000002,399.02030888987474,1506,Original Network
0.7500000000000002,429.37400874357445,1506,Original Network
0.7500000000000002,457.22852235895766,1506,Original Network
0.7500000000000002,355.19320825842556,1506,Original Network
0.7500000000000002,380.5167735819915,1506,Original Network
0.7500000000000002,361.8815332293597,1506,Original Network
0.7500000000000002,388.4161320900456,1506,Original Network
0.7500000000000002,407.6488490401542,1506,Original Network
0.7500000000000002,411.68330753113406,1506,Original Network
0.7500000000000002,348.0124443602705,1506,Original Network
0.7500000000000002,382.94094524529356,1506,Original Network
0.7500000000000002,364.69772830642455,1506,Original Network
0.7500000000000002,368.04635069852515,1506,Original Network
0.7500000000000002,428.5525884221543,1506,Original Network
0.8000000000000003,630.3091249395609,1506,Original Network
0.8000000000000003,592.4166285253248,1506,Original Network
0.8000000000000003,675.7639313943674,1506,Original Network
0.8000000000000003,598.5470939166605,1506,Original Network
0.8000000000000003,606.1631318370462,1506,Original Network
0.8000000000000003,567.1720088459227,1506,Original Network
0.8000000000000003,574.7010285488552,1506,Original Network
0.8000000000000003,619.4107930194901,1506,Original Network
0.8000000000000003,618.0272329185386,1506,Original Network
0.8000000000000003,534.1130064608333,1506,Original Network
0.8000000000000003,553.6527155440207,1506,Original Network
0.8000000000000003,645.1525651308272,1506,Original Network
0.8000000000000003,538.2934604456352,1506,Original Network
0.8000000000000003,543.6493442797798,1506,Original Network
0.8000000000000003,552.152787522354,1506,Original Network
0.8000000000000003,563.0961599439867,1506,Original Network
0.8000000000000003,589.7851712199547,1506,Original Network
0.8000000000000003,624.1597598554139,1506,Original Network
0.8000000000000003,606.8423727119391,1506,Original Network
0.8000000000000003,548.8623434710402,1506,Original Network
0.8000000000000003,575.0415169110829,1506,Original Network
0.8000000000000003,571.7384395862664,1506,Original Network
0.8000000000000003,573.1962428266784,1506,Original Network
0.8000000000000003,582.9343772822041,1506,Original Network
0.8000000000000003,528.3390736651613,1506,Original Network
0.8000000000000003,556.8024866720526,1506,Original Network
0.8000000000000003,607.2367950846223,1506,Original Network
0.8000000000000003,599.3225002355447,1506,Original Network
0.8000000000000003,602.1616592703556,1506,Original Network
0.8000000000000003,563.8481477177138,1506,Original Network
0.8000000000000003,641.4222770309742,1506,Original Network
0.8000000000000003,614.6932233236595,1506,Original Network
0.8000000000000003,586.9430230517196,1506,Original Network
0.8000000000000003,598.7083480996533,1506,Original Network
0.8000000000000003,561.0170251474609,1506,Original Network
0.8000000000000003,622.7271521401965,1506,Original Network
0.8000000000000003,559.2727428814394,1506,Original Network
0.8000000000000003,596.813672965848,1506,Original Network
0.8000000000000003,627.8429074081264,1506,Original Network
0.8000000000000003,601.933429368213,1506,Original Network
0.8000000000000003,607.2349143218723,1506,Original Network
0.8000000000000003,539.7422706987933,1506,Original Network
0.8000000000000003,575.9299043429487,1506,Original Network
0.8000000000000003,575.297563449738,1506,Original Network
0.8000000000000003,629.0384809080473,1506,Original Network
0.8000000000000003,642.3752070273823,1506,Original Network
0.8000000000000003,586.840777471213,1506,Original Network
0.8000000000000003,563.2142268881411,1506,Original Network
0.8000000000000003,530.6800135061012,1506,Original Network
0.8000000000000003,591.7327568849316,1506,Original Network
0.8500000000000003,828.3084257214707,1506,Original Network
0.8500000000000003,839.1307702829458,1506,Original Network
0.8500000000000003,826.3302889607254,1506,Original Network
0.8500000000000003,957.5149456671213,1506,Original Network
0.8500000000000003,830.7360566491018,1506,Original Network
0.8500000000000003,783.3202012332466,1506,Original Network
0.8500000000000003,832.2269146834379,1506,Original Network
0.8500000000000003,900.2028865941927,1506,Original Network
0.8500000000000003,866.3996595735741,1506,Original Network
0.8500000000000003,777.5613551917917,1506,Original Network
0.8500000000000003,866.1899053855592,1506,Original Network
0.8500000000000003,787.7147099321031,1506,Original Network
0.8500000000000003,887.3287379591744,1506,Original Network
0.8500000000000003,829.5223096962244,1506,Original Network
0.8500000000000003,834.4294263207321,1506,Original Network
0.8500000000000003,856.6909960605627,1506,Original Network
0.8500000000000003,812.7826153913127,1506,Original Network
0.8500000000000003,824.4478082956354,1506,Original Network
0.8500000000000003,884.4668426190182,1506,Original Network
0.8500000000000003,866.7888014627163,1506,Original Network
0.8500000000000003,748.2848476761537,1506,Original Network
0.8500000000000003,735.3119019640776,1506,Original Network
0.8500000000000003,866.5413614761457,1506,Original Network
0.8500000000000003,822.3884885841422,1506,Original Network
0.8500000000000003,786.1111230676468,1506,Original Network
0.8500000000000003,860.8791340313098,1506,Original Network
0.8500000000000003,830.4353493483943,1506,Original Network
0.8500000000000003,836.837024793548,1506,Original Network
0.8500000000000003,744.520599194514,1506,Original Network
0.8500000000000003,848.2936866632533,1506,Original Network
0.8500000000000003,870.0467916554887,1506,Original Network
0.8500000000000003,824.1261505174565,1506,Original Network
0.8500000000000003,834.6818916384152,1506,Original Network
0.8500000000000003,815.9185963316417,1506,Original Network
0.8500000000000003,893.5792909488578,1506,Original Network
0.8500000000000003,786.1480297784661,1506,Original Network
0.8500000000000003,820.0559580124814,1506,Original Network
0.8500000000000003,824.3862249731828,1506,Original Network
0.8500000000000003,775.3960850482605,1506,Original Network
0.8500000000000003,870.0280696367669,1506,Original Network
0.8500000000000003,733.1738451303685,1506,Original Network
0.8500000000000003,766.3187336883003,1506,Original Network
0.8500000000000003,849.792437922874,1506,Original Network
0.8500000000000003,904.0608874521932,1506,Original Network
0.8500000000000003,819.3086949826096,1506,Original Network
0.8500000000000003,810.1875745788801,1506,Original Network
0.8500000000000003,833.9836762228084,1506,Original Network
0.8500000000000003,860.7832246962696,1506,Original Network
0.8500000000000003,870.8515945472483,1506,Original Network
0.8500000000000003,911.5218266522631,1506,Original Network
0.9000000000000004,1254.5804791891749,1506,Original Network
0.9000000000000004,1167.1143197664985,1506,Original Network
0.9000000000000004,1085.0719685284973,1506,Original Network
0.9000000000000004,1265.3362559884324,1506,Original Network
0.9000000000000004,1219.8452365408905,1506,Original Network
0.9000000000000004,1146.2139951705244,1506,Original Network
0.9000000000000004,1141.782052955972,1506,Original Network
0.9000000000000004,1096.6311316094002,1506,Original Network
0.9000000000000004,1267.170578844494,1506,Original Network
0.9000000000000004,1134.8063024802218,1506,Original Network
0.9000000000000004,1045.272927012062,1506,Original Network
0.9000000000000004,1106.2344604518594,1506,Original Network
0.9000000000000004,1040.321580060714,1506,Original Network
0.9000000000000004,1169.210740841178,1506,Original Network
0.9000000000000004,1285.1232622971759,1506,Original Network
0.9000000000000004,1131.3577067272784,1506,Original Network
0.9000000000000004,1224.9571389354026,1506,Original Network
0.9000000000000004,1297.5014539144995,1506,Original Network
0.9000000000000004,1167.1383502470485,1506,Original Network
0.9000000000000004,1208.3716145672677,1506,Original Network
0.9000000000000004,1236.6788341136182,1506,Original Network
0.9000000000000004,1084.3448257143987,1506,Original Network
0.9000000000000004,1208.466330401116,1506,Original Network
0.9000000000000004,1118.3745671137044,1506,Original Network
0.9000000000000004,1160.6223153397125,1506,Original Network
0.9000000000000004,1237.1476213432761,1506,Original Network
0.9000000000000004,1193.7212783734558,1506,Original Network
0.9000000000000004,1214.4986202160126,1506,Original Network
0.9000000000000004,1133.570824766483,1506,Original Network
0.9000000000000004,1173.1997896128387,1506,Original Network
0.9000000000000004,1217.0249449162507,1506,Original Network
0.9000000000000004,1169.2930532061027,1506,Original Network
0.9000000000000004,1110.4265584265652,1506,Original Network
0.9000000000000004,1086.9576116967492,1506,Original Network
0.9000000000000004,1153.29762275415,1506,Original Network
0.9000000000000004,1156.027772397343,1506,Original Network
0.9000000000000004,1072.0644277818265,1506,Original Network
0.9000000000000004,1156.2716644021039,1506,Original Network
0.9000000000000004,1058.7150356280854,1506,Original Network
0.9000000000000004,1292.3644100383249,1506,Original Network
0.9000000000000004,1162.3832140788704,1506,Original Network
0.9000000000000004,1183.9209209209266,1506,Original Network
0.9000000000000004,1090.6220678394664,1506,Original Network
0.9000000000000004,1142.3623585362777,1506,Original Network
0.9000000000000004,1181.8763505502677,1506,Original Network
0.9000000000000004,1083.0821724734851,1506,Original Network
0.9000000000000004,1202.3924751316108,1506,Original Network
0.9000000000000004,1098.8568475307688,1506,Original Network
0.9000000000000004,1197.8423660162814,1506,Original Network
0.9000000000000004,1247.2121182338603,1506,Original Network
0.9500000000000004,1522.89293378424,1506,Original Network
0.9500000000000004,1629.5935232891782,1506,Original Network
0.9500000000000004,1767.5550933159648,1506,Original Network
0.9500000000000004,1542.6310770876003,1506,Original Network
0.9500000000000004,1565.9595378943218,1506,Original Network
0.9500000000000004,1542.5510080075312,1506,Original Network
0.9500000000000004,1524.9587669370292,1506,Original Network
0.9500000000000004,1588.3101144622894,1506,Original Network
0.9500000000000004,1527.8364202712048,1506,Original Network
0.9500000000000004,1596.2498657281292,1506,Original Network
0.9500000000000004,1644.836210314473,1506,Original Network
0.9500000000000004,1496.949103666498,1506,Original Network
0.9500000000000004,1646.6725748682295,1506,Original Network
0.9500000000000004,1522.2002772002802,1506,Original Network
0.9500000000000004,1664.2162061727295,1506,Original Network
0.9500000000000004,1587.6526038699972,1506,Original Network
0.9500000000000004,1548.0258182214725,1506,Original Network
0.9500000000000004,1490.7613121960974,1506,Original Network
0.9500000000000004,1591.6896358852894,1506,Original Network
0.9500000000000004,1400.3092665049198,1506,Original Network
0.9500000000000004,1595.3931513931532,1506,Original Network
0.9500000000000004,1585.3114162896784,1506,Original Network
0.9500000000000004,1546.4358548706387,1506,Original Network
0.9500000000000004,1646.7527855136566,1506,Original Network
0.9500000000000004,1496.535915275047,1506,Original Network
0.9500000000000004,1516.319992233038,1506,Original Network
0.9500000000000004,1611.2086716434553,1506,Original Network
0.9500000000000004,1529.7731305122632,1506,Original Network
0.9500000000000004,1598.429777603693,1506,Original Network
0.9500000000000004,1512.4431643779485,1506,Original Network
0.9500000000000004,1507.061759561762,1506,Original Network
0.9500000000000004,1593.932465910729,1506,Original Network
0.9500000000000004,1584.4922949705585,1506,Original Network
0.9500000000000004,1510.9044878610123,1506,Original Network
0.9500000000000004,1510.7046671611904,1506,Original Network
0.9500000000000004,1504.1335090465552,1506,Original Network
0.9500000000000004,1523.8283737631593,1506,Original Network
0.9500000000000004,1614.3782298782335,1506,Original Network
0.9500000000000004,1558.1947398903947,1506,Original Network
0.9500000000000004,1563.650112606636,1506,Original Network
0.9500000000000004,1593.378176791224,1506,Original Network
0.9500000000000004,1570.5722870505504,1506,Original Network
0.9500000000000004,1658.6956978478731,1506,Original Network
0.9500000000000004,1410.6430510778357,1506,Original Network
0.9500000000000004,1626.538213799087,1506,Original Network
0.9500000000000004,1590.5800592757148,1506,Original Network
0.9500000000000004,1562.4652736826674,1506,Original Network
0.9500000000000004,1547.9535302144018,1506,Original Network
0.9500000000000004,1496.4273356012511,1506,Original Network
0.9500000000000004,1639.8697158697173,1506,Original Network
0.5,21.04831441212066,878,MaxNI Network
0.5,16.28240864472221,878,MaxNI Network
0.5,17.34235414253371,878,MaxNI Network
0.5,13.212643382292647,878,MaxNI Network
0.5,18.741645588811206,878,MaxNI Network
0.5,18.51959188346592,878,MaxNI Network
0.5,17.390054562103163,878,MaxNI Network
0.5,16.018195016742595,878,MaxNI Network
0.5,20.165709172036205,878,MaxNI Network
0.5,15.469176522633518,878,MaxNI Network
0.5,10.494278633809989,878,MaxNI Network
0.5,14.31183934015715,878,MaxNI Network
0.5,19.734138136113014,878,MaxNI Network
0.5,14.499836277387374,878,MaxNI Network
0.5,23.617284776017698,878,MaxNI Network
0.5,21.896986073265527,878,MaxNI Network
0.5,22.825107512260516,878,MaxNI Network
0.5,22.1719414217468,878,MaxNI Network
0.5,15.097626566632432,878,MaxNI Network
0.5,21.08890423781886,878,MaxNI Network
0.5,17.97881300202852,878,MaxNI Network
0.5,15.889482559236061,878,MaxNI Network
0.5,11.798234877163456,878,MaxNI Network
0.5,12.97090868271751,878,MaxNI Network
0.5,13.51432335518879,878,MaxNI Network
0.5,14.395949269376686,878,MaxNI Network
0.5,12.7801606672835,878,MaxNI Network
0.5,23.663696746996848,878,MaxNI Network
0.5,18.683922499976823,878,MaxNI Network
0.5,21.151067109913612,878,MaxNI Network
0.5,17.535783713016528,878,MaxNI Network
0.5,17.699143979774778,878,MaxNI Network
0.5,27.084747902535927,878,MaxNI Network
0.5,12.435040052156836,878,MaxNI Network
0.5,21.521314822211075,878,MaxNI Network
0.5,12.976404331178959,878,MaxNI Network
0.5,13.664595338156634,878,MaxNI Network
0.5,23.437175069503496,878,MaxNI Network
0.5,14.919651426964435,878,MaxNI Network
0.5,11.922741558851982,878,MaxNI Network
0.5,17.400545236373773,878,MaxNI Network
0.5,13.670783153786106,878,MaxNI Network
0.5,19.279684198548676,878,MaxNI Network
0.5,18.24965410563511,878,MaxNI Network
0.5,18.34525454113624,878,MaxNI Network
0.5,12.909824255720173,878,MaxNI Network
0.5,10.660259120586474,878,MaxNI Network
0.5,13.447240562549135,878,MaxNI Network
0.5,10.879437684174796,878,MaxNI Network
0.5,16.095632047896352,878,MaxNI Network
0.55,27.649602881223565,878,MaxNI Network
0.55,24.70996216061927,878,MaxNI Network
0.55,19.460712642545356,878,MaxNI Network
0.55,19.144829876865252,878,MaxNI Network
0.55,17.361868433912157,878,MaxNI Network
0.55,17.665594907774647,878,MaxNI Network
0.55,22.473899230092634,878,MaxNI Network
0.55,26.360536982717715,878,MaxNI Network
0.55,23.43670404342264,878,MaxNI Network
0.55,18.963206183896215,878,MaxNI Network
0.55,21.475669718453155,878,MaxNI Network
0.55,18.16707519871711,878,MaxNI Network
0.55,12.078564924447784,878,MaxNI Network
0.55,18.785576023964108,878,MaxNI Network
0.55,25.404099572527247,878,MaxNI Network
0.55,23.171144193014314,878,MaxNI Network
0.55,22.23042748546601,878,MaxNI Network
0.55,22.99058656574521,878,MaxNI Network
0.55,23.790466767733996,878,MaxNI Network
0.55,13.095728170853953,878,MaxNI Network
0.55,17.771754012197384,878,MaxNI Network
0.55,8.860142083954242,878,MaxNI Network
0.55,20.58648412545636,878,MaxNI Network
0.55,41.46929408949909,878,MaxNI Network
0.55,16.589265980365763,878,MaxNI Network
0.55,13.247276487143417,878,MaxNI Network
0.55,21.61618884293204,878,MaxNI Network
0.55,23.659854422778974,878,MaxNI Network
0.55,33.05267483555488,878,MaxNI Network
0.55,17.883802484453717,878,MaxNI Network
0.55,18.323597701045074,878,MaxNI Network
0.55,18.46953898926019,878,MaxNI Network
0.55,32.56564306004181,878,MaxNI Network
0.55,15.712175534276758,878,MaxNI Network
0.55,25.33931691482455,878,MaxNI Network
0.55,21.100689148110657,878,MaxNI Network
0.55,18.92339396530312,878,MaxNI Network
0.55,25.89074897588107,878,MaxNI Network
0.55,19.19313622174153,878,MaxNI Network
0.55,11.980163218154054,878,MaxNI Network
0.55,15.525543439942007,878,MaxNI Network
0.55,15.830829268108591,878,MaxNI Network
0.55,16.207970045276863,878,MaxNI Network
0.55,16.232189251278495,878,MaxNI Network
0.55,20.35751745217904,878,MaxNI Network
0.55,20.59360825942166,878,MaxNI Network
0.55,24.5475719895872,878,MaxNI Network
0.55,25.343991215128007,878,MaxNI Network
0.55,12.340321928945638,878,MaxNI Network
0.55,20.534518599015364,878,MaxNI Network
0.6000000000000001,31.38517002519169,878,MaxNI Network
0.6000000000000001,16.368893111950175,878,MaxNI Network
0.6000000000000001,30.450318639422278,878,MaxNI Network
0.6000000000000001,23.588986245733015,878,MaxNI Network
0.6000000000000001,28.97866582494053,878,MaxNI Network
0.6000000000000001,30.398564654196125,878,MaxNI Network
0.6000000000000001,35.660205199418435,878,MaxNI Network
0.6000000000000001,31.035670642033608,878,MaxNI Network
0.6000000000000001,26.747082210966564,878,MaxNI Network
0.6000000000000001,34.68271340651916,878,MaxNI Network
0.6000000000000001,28.51081459724809,878,MaxNI Network
0.6000000000000001,33.1110286442801,878,MaxNI Network
0.6000000000000001,14.433723903515803,878,MaxNI Network
0.6000000000000001,27.5444823102462,878,MaxNI Network
0.6000000000000001,27.995362913461896,878,MaxNI Network
0.6000000000000001,23.75760662590349,878,MaxNI Network
0.6000000000000001,28.073813077721294,878,MaxNI Network
0.6000000000000001,33.090895243669046,878,MaxNI Network
0.6000000000000001,38.230044116929896,878,MaxNI Network
0.6000000000000001,22.84503017087933,878,MaxNI Network
0.6000000000000001,29.592085484157536,878,MaxNI Network
0.6000000000000001,20.20787601071507,878,MaxNI Network
0.6000000000000001,25.837380683829487,878,MaxNI Network
0.6000000000000001,31.100353842759432,878,MaxNI Network
0.6000000000000001,20.18031983041127,878,MaxNI Network
0.6000000000000001,18.37679908829882,878,MaxNI Network
0.6000000000000001,20.81467568149224,878,MaxNI Network
0.6000000000000001,33.81697718446069,878,MaxNI Network
0.6000000000000001,25.65743656383942,878,MaxNI Network
0.6000000000000001,28.304768458020433,878,MaxNI Network
0.6000000000000001,21.509633436019126,878,MaxNI Network
0.6000000000000001,24.010436774897027,878,MaxNI Network
0.6000000000000001,34.28962093639141,878,MaxNI Network
0.6000000000000001,33.75405722524686,878,MaxNI Network
0.6000000000000001,29.754410454335215,878,MaxNI Network
0.6000000000000001,21.56848254387151,878,MaxNI Network
0.6000000000000001,32.43786303565642,878,MaxNI Network
0.6000000000000001,33.966375205447676,878,MaxNI Network
0.6000000000000001,38.2708416733983,878,MaxNI Network
0.6000000000000001,26.969587677921687,878,MaxNI Network
0.6000000000000001,37.671678120901184,878,MaxNI Network
0.6000000000000001,25.629214722335377,878,MaxNI Network
0.6000000000000001,19.429473306904203,878,MaxNI Network
0.6000000000000001,26.84358238771989,878,MaxNI Network
0.6000000000000001,30.79824132894825,878,MaxNI Network
0.6000000000000001,32.375983206262696,878,MaxNI Network
0.6000000000000001,29.429346640174863,878,MaxNI Network
0.6000000000000001,27.021394569967022,878,MaxNI Network
0.6000000000000001,27.159983631041868,878,MaxNI Network
0.6000000000000001,28.903287600395515,878,MaxNI Network
0.6500000000000001,26.14008394813418,878,MaxNI Network
0.6500000000000001,37.42897179427988,878,MaxNI Network
0.6500000000000001,53.15672711396214,878,MaxNI Network
0.6500000000000001,40.97170691011547,878,MaxNI Network
0.6500000000000001,40.694026143684965,878,MaxNI Network
0.6500000000000001,34.03551048622743,878,MaxNI Network
0.6500000000000001,36.71515084545837,878,MaxNI Network
0.6500000000000001,38.82487943913336,878,MaxNI Network
0.6500000000000001,41.312504456813144,878,MaxNI Network
0.6500000000000001,58.11003820791863,878,MaxNI Network
0.6500000000000001,40.376671802930645,878,MaxNI Network
0.6500000000000001,39.712667030835135,878,MaxNI Network
0.6500000000000001,34.83596310080888,878,MaxNI Network
0.6500000000000001,26.504751822551423,878,MaxNI Network
0.6500000000000001,44.267259142560725,878,MaxNI Network
0.6500000000000001,31.33222161647622,878,MaxNI Network
0.6500000000000001,41.09745775150488,878,MaxNI Network
0.6500000000000001,28.681895733604755,878,MaxNI Network
0.6500000000000001,28.97774224974392,878,MaxNI Network
0.6500000000000001,37.35714375594303,878,MaxNI Network
0.6500000000000001,45.09717044851326,878,MaxNI Network
0.6500000000000001,34.798712375231105,878,MaxNI Network
0.6500000000000001,42.293344602126936,878,MaxNI Network
0.6500000000000001,25.305187051572965,878,MaxNI Network
0.6500000000000001,28.331436740019,878,MaxNI Network
0.6500000000000001,43.76956899076034,878,MaxNI Network
0.6500000000000001,28.691620632488572,878,MaxNI Network
0.6500000000000001,32.003241520610466,878,MaxNI Network
0.6500000000000001,36.409696570242865,878,MaxNI Network
0.6500000000000001,45.50586694401629,878,MaxNI Network
0.6500000000000001,40.01593916892739,878,MaxNI Network
0.6500000000000001,26.780468742309825,878,MaxNI Network
0.6500000000000001,31.793196351183248,878,MaxNI Network
0.6500000000000001,47.41365993807293,878,MaxNI Network
0.6500000000000001,40.158227979858644,878,MaxNI Network
0.6500000000000001,35.011232390079655,878,MaxNI Network
0.6500000000000001,26.554459369381984,878,MaxNI Network
0.6500000000000001,36.09849390321921,878,MaxNI Network
0.6500000000000001,26.3645213902566,878,MaxNI Network
0.6500000000000001,37.09392549938105,878,MaxNI Network
0.6500000000000001,40.20526827421043,878,MaxNI Network
0.6500000000000001,62.277166413673136,878,MaxNI Network
0.6500000000000001,28.920863436485714,878,MaxNI Network
0.6500000000000001,41.866761478558224,878,MaxNI Network
0.6500000000000001,22.253487465569975,878,MaxNI Network
0.6500000000000001,50.58244000255087,878,MaxNI Network
0.6500000000000001,37.3358631100039,878,MaxNI Network
0.6500000000000001,29.977750095824103,878,MaxNI Network
0.6500000000000001,47.12839945283603,878,MaxNI Network
0.6500000000000001,50.89465456139563,878,MaxNI Network
0.7000000000000002,58.54725987896543,878,MaxNI Network
0.7000000000000002,60.61575926885306,878,MaxNI Network
0.7000000000000002,66.01697804988898,878,MaxNI Network
0.7000000000000002,45.25651786337291,878,MaxNI Network
0.7000000000000002,52.19035366534217,878,MaxNI Network
0.7000000000000002,54.04565306467847,878,MaxNI Network
0.7000000000000002,54.104604058934434,878,MaxNI Network
0.7000000000000002,49.842236468425575,878,MaxNI Network
0.7000000000000002,48.60344535111942,878,MaxNI Network
0.7000000000000002,50.59176731088856,878,MaxNI Network
0.7000000000000002,58.212053711521676,878,MaxNI Network
0.7000000000000002,37.28436293934818,878,MaxNI Network
0.7000000000000002,51.81510353490166,878,MaxNI Network
0.7000000000000002,53.66223726739515,878,MaxNI Network
0.7000000000000002,59.07245173210644,878,MaxNI Network
0.7000000000000002,56.93286942006182,878,MaxNI Network
0.7000000000000002,49.9263511830719,878,MaxNI Network
0.7000000000000002,50.68273516973098,878,MaxNI Network
0.7000000000000002,40.65571839491856,878,MaxNI Network
0.7000000000000002,46.66858110280699,878,MaxNI Network
0.7000000000000002,45.3360251573668,878,MaxNI Network
0.7000000000000002,41.58306956345628,878,MaxNI Network
0.7000000000000002,43.049782272072854,878,MaxNI Network
0.7000000000000002,53.045731307553396,878,MaxNI Network
0.7000000000000002,45.967396868929264,878,MaxNI Network
0.7000000000000002,38.47047602314509,878,MaxNI Network
0.7000000000000002,51.985498876339044,878,MaxNI Network
0.7000000000000002,61.63586368582977,878,MaxNI Network
0.7000000000000002,54.486693752053256,878,MaxNI Network
0.7000000000000002,46.51929044663984,878,MaxNI Network
0.7000000000000002,43.80323746502273,878,MaxNI Network
0.7000000000000002,57.7407920518778,878,MaxNI Network
0.7000000000000002,52.84793751577081,878,MaxNI Network
0.7000000000000002,62.09977595640023,878,MaxNI Network
0.7000000000000002,29.95387940677082,878,MaxNI Network
0.7000000000000002,59.03504654399421,878,MaxNI Network
0.7000000000000002,79.48192264902846,878,MaxNI Network
0.7000000000000002,52.25483772380283,878,MaxNI Network
0.7000000000000002,56.653727520719535,878,MaxNI Network
0.7000000000000002,48.39476643513083,878,MaxNI Network
0.7000000000000002,45.09618239765243,878,MaxNI Network
0.7000000000000002,46.28082465915154,878,MaxNI Network
0.7000000000000002,50.279195060707764,878,MaxNI Network
0.7000000000000002,46.494306507682815,878,MaxNI Network
0.7000000000000002,30.8819616564398,878,MaxNI Network
0.7000000000000002,34.441659251270444,878,MaxNI Network
0.7000000000000002,48.814146767565134,878,MaxNI Network
0.7000000000000002,69.27233637627262,878,MaxNI Network
0.7000000000000002,47.515873128018576,878,MaxNI Network
0.7000000000000002,63.94208141524613,878,MaxNI Network
0.7500000000000002,95.10544149506059,878,MaxNI Network
0.7500000000000002,88.67798670975237,878,MaxNI Network
0.7500000000000002,130.66944516406429,878,MaxNI Network
0.7500000000000002,77.95125961643852,878,MaxNI Network
0.7500000000000002,91.3194353285826,878,MaxNI Network
0.7500000000000002,64.35637160790944,878,MaxNI Network
0.7500000000000002,75.53012215587755,878,MaxNI Network
0.7500000000000002,81.184250313065,878,MaxNI Network
0.7500000000000002,78.26251293507922,878,MaxNI Network
0.7500000000000002,76.2030187828021,878,MaxNI Network
0.7500000000000002,53.31402528389712,878,MaxNI Network
0.7500000000000002,89.48312736037892,878,MaxNI Network
0.7500000000000002,77.53173553649577,878,MaxNI Network
0.7500000000000002,74.71212426684644,878,MaxNI Network
0.7500000000000002,64.34489626875609,878,MaxNI Network
0.7500000000000002,107.504081056595,878,MaxNI Network
0.7500000000000002,86.0931486691736,878,MaxNI Network
0.7500000000000002,93.31892914359744,878,MaxNI Network
0.7500000000000002,58.364294652823496,878,MaxNI Network
0.7500000000000002,88.7524082534426,878,MaxNI Network
0.7500000000000002,104.67278919450858,878,MaxNI Network
0.7500000000000002,84.6333122304751,878,MaxNI Network
0.7500000000000002,77.46907031198316,878,MaxNI Network
0.7500000000000002,67.79875935600715,878,MaxNI Network
0.7500000000000002,60.19415997838449,878,MaxNI Network
0.7500000000000002,88.94937695521976,878,MaxNI Network
0.7500000000000002,61.86624675912198,878,MaxNI Network
0.7500000000000002,90.8993356794897,878,MaxNI Network
0.7500000000000002,82.89997257476979,878,MaxNI Network
0.7500000000000002,78.16549677958912,878,MaxNI Network
0.7500000000000002,78.83443807501064,878,MaxNI Network
0.7500000000000002,116.0285699737159,878,MaxNI Network
0.7500000000000002,57.8495409026068,878,MaxNI Network
0.7500000000000002,93.24542019934167,878,MaxNI Network
0.7500000000000002,108.80920657500428,878,MaxNI Network
0.7500000000000002,67.94712095985125,878,MaxNI Network
0.7500000000000002,104.94762567761217,878,MaxNI Network
0.7500000000000002,84.61938272812277,878,MaxNI Network
0.7500000000000002,101.89639207009793,878,MaxNI Network
0.7500000000000002,85.46909106898411,878,MaxNI Network
0.7500000000000002,61.912176560741145,878,MaxNI Network
0.7500000000000002,61.26181155948779,878,MaxNI Network
0.7500000000000002,65.66338025469318,878,MaxNI Network
0.7500000000000002,116.9691982394175,878,MaxNI Network
0.7500000000000002,71.39419030471639,878,MaxNI Network
0.7500000000000002,109.61089470057993,878,MaxNI Network
0.7500000000000002,86.77338140379382,878,MaxNI Network
0.7500000000000002,50.76235732019837,878,MaxNI Network
0.7500000000000002,61.85655419515079,878,MaxNI Network
0.7500000000000002,89.97227994372872,878,MaxNI Network
0.8000000000000003,144.12730874140777,878,MaxNI Network
0.8000000000000003,122.85545825784014,878,MaxNI Network
0.8000000000000003,137.71379374091234,878,MaxNI Network
0.8000000000000003,150.55099197564502,878,MaxNI Network
0.8000000000000003,126.21536342913942,878,MaxNI Network
0.8000000000000003,162.533848186261,878,MaxNI Network
0.8000000000000003,136.20808969216026,878,MaxNI Network
0.8000000000000003,147.51388523898552,878,MaxNI Network
0.8000000000000003,154.03510780268556,878,MaxNI Network
0.8000000000000003,130.38653139195674,878,MaxNI Network
0.8000000000000003,173.77111480180986,878,MaxNI Network
0.8000000000000003,134.315659064258,878,MaxNI Network
0.8000000000000003,131.71101420044175,878,MaxNI Network
0.8000000000000003,96.35628418131371,878,MaxNI Network
0.8000000000000003,151.93644299480113,878,MaxNI Network
0.8000000000000003,140.49824889440646,878,MaxNI Network
0.8000000000000003,154.87895695441415,878,MaxNI Network
0.8000000000000003,165.31832296824692,878,MaxNI Network
0.8000000000000003,154.26899303850155,878,MaxNI Network
0.8000000000000003,143.55820061624686,878,MaxNI Network
0.8000000000000003,127.35027387026025,878,MaxNI Network
0.8000000000000003,106.4398682734739,878,MaxNI Network
0.8000000000000003,135.05275434244308,878,MaxNI Network
0.8000000000000003,163.6634400509376,878,MaxNI Network
0.8000000000000003,170.0589211796571,878,MaxNI Network
0.8000000000000003,110.58183876504155,878,MaxNI Network
0.8000000000000003,108.79078045846418,878,MaxNI Network
0.8000000000000003,144.76865327549208,878,MaxNI Network
0.8000000000000003,141.58647911112809,878,MaxNI Network
0.8000000000000003,165.67810746531813,878,MaxNI Network
0.8000000000000003,130.8694556915914,878,MaxNI Network
0.8000000000000003,130.9546587503564,878,MaxNI Network
0.8000000000000003,147.98236826772768,878,MaxNI Network
0.8000000000000003,146.99938239430793,878,MaxNI Network
0.8000000000000003,176.50575394821988,878,MaxNI Network
0.8000000000000003,100.79039580316142,878,MaxNI Network
0.8000000000000003,109.99362379410738,878,MaxNI Network
0.8000000000000003,214.31792217415548,878,MaxNI Network
0.8000000000000003,124.91126306892207,878,MaxNI Network
0.8000000000000003,146.57569057207837,878,MaxNI Network
0.8000000000000003,166.99083788820766,878,MaxNI Network
0.8000000000000003,99.81038880554459,878,MaxNI Network
0.8000000000000003,143.68158893157786,878,MaxNI Network
0.8000000000000003,103.50525239433635,878,MaxNI Network
0.8000000000000003,139.81924707753066,878,MaxNI Network
0.8000000000000003,203.07373545647454,878,MaxNI Network
0.8000000000000003,100.5764973586657,878,MaxNI Network
0.8000000000000003,142.53360632738824,878,MaxNI Network
0.8000000000000003,156.41260041337267,878,MaxNI Network
0.8000000000000003,154.27739722482372,878,MaxNI Network
0.8500000000000003,245.81428068396065,878,MaxNI Network
0.8500000000000003,221.95109111798487,878,MaxNI Network
0.8500000000000003,219.06015168691778,878,MaxNI Network
0.8500000000000003,227.3629072454252,878,MaxNI Network
0.8500000000000003,230.72009000734406,878,MaxNI Network
0.8500000000000003,200.82030249828702,878,MaxNI Network
0.8500000000000003,243.56852319045373,878,MaxNI Network
0.8500000000000003,290.7881671083196,878,MaxNI Network
0.8500000000000003,266.69344394959853,878,MaxNI Network
0.8500000000000003,229.418522344601,878,MaxNI Network
0.8500000000000003,230.1417640577953,878,MaxNI Network
0.8500000000000003,259.3332059573413,878,MaxNI Network
0.8500000000000003,210.43942875550556,878,MaxNI Network
0.8500000000000003,203.1949096373913,878,MaxNI Network
0.8500000000000003,198.0086815177254,878,MaxNI Network
0.8500000000000003,272.47041601673925,878,MaxNI Network
0.8500000000000003,268.6391754656615,878,MaxNI Network
0.8500000000000003,226.36655770352604,878,MaxNI Network
0.8500000000000003,213.130594753536,878,MaxNI Network
0.8500000000000003,275.38584425599464,878,MaxNI Network
0.8500000000000003,229.26210632965635,878,MaxNI Network
0.8500000000000003,229.6104846091509,878,MaxNI Network
0.8500000000000003,239.685468146316,878,MaxNI Network
0.8500000000000003,236.39309057204346,878,MaxNI Network
0.8500000000000003,241.02830012977978,878,MaxNI Network
0.8500000000000003,238.4054574412362,878,MaxNI Network
0.8500000000000003,241.12637191722342,878,MaxNI Network
0.8500000000000003,260.7554948660062,878,MaxNI Network
0.8500000000000003,237.58351013235145,878,MaxNI Network
0.8500000000000003,204.5402722195242,878,MaxNI Network
0.8500000000000003,187.31933572261408,878,MaxNI Network
0.8500000000000003,188.69910798004162,878,MaxNI Network
0.8500000000000003,233.96504483368005,878,MaxNI Network
0.8500000000000003,250.29463898400388,878,MaxNI Network
0.8500000000000003,238.09445041332032,878,MaxNI Network
0.8500000000000003,271.6442423239609,878,MaxNI Network
0.8500000000000003,262.74677764118763,878,MaxNI Network
0.8500000000000003,279.39181304702373,878,MaxNI Network
0.8500000000000003,234.08354097217043,878,MaxNI Network
0.8500000000000003,270.95632276394656,878,MaxNI Network
0.8500000000000003,179.89914624982214,878,MaxNI Network
0.8500000000000003,241.14485120518904,878,MaxNI Network
0.8500000000000003,234.85101041495435,878,MaxNI Network
0.8500000000000003,204.5804424463787,878,MaxNI Network
0.8500000000000003,283.624773953205,878,MaxNI Network
0.8500000000000003,215.11101307495366,878,MaxNI Network
0.8500000000000003,197.34405980912936,878,MaxNI Network
0.8500000000000003,261.08524448591913,878,MaxNI Network
0.8500000000000003,255.6847382997065,878,MaxNI Network
0.8500000000000003,282.3775490963178,878,MaxNI Network
0.9000000000000004,426.8376501430752,878,MaxNI Network
0.9000000000000004,461.9469827879849,878,MaxNI Network
0.9000000000000004,406.6271939615851,878,MaxNI Network
0.9000000000000004,439.7930994116842,878,MaxNI Network
0.9000000000000004,378.7395784016132,878,MaxNI Network
0.9000000000000004,397.0495634403668,878,MaxNI Network
0.9000000000000004,319.27963031308104,878,MaxNI Network
0.9000000000000004,487.59844101120626,878,MaxNI Network
0.9000000000000004,459.1018611293972,878,MaxNI Network
0.9000000000000004,453.4440654333871,878,MaxNI Network
0.9000000000000004,413.95474656295283,878,MaxNI Network
0.9000000000000004,415.2068994777008,878,MaxNI Network
0.9000000000000004,412.06418879543423,878,MaxNI Network
0.9000000000000004,417.53259045705727,878,MaxNI Network
0.9000000000000004,380.6627787882718,878,MaxNI Network
0.9000000000000004,446.0123382772106,878,MaxNI Network
0.9000000000000004,454.57190866452083,878,MaxNI Network
0.9000000000000004,358.9464037884263,878,MaxNI Network
0.9000000000000004,477.7417431732276,878,MaxNI Network
0.9000000000000004,380.69933217559435,878,MaxNI Network
0.9000000000000004,412.9916146250692,878,MaxNI Network
0.9000000000000004,417.29388999822476,878,MaxNI Network
0.9000000000000004,418.6830278645283,878,MaxNI Network
0.9000000000000004,337.0498468887048,878,MaxNI Network
0.9000000000000004,401.594105875329,878,MaxNI Network
0.9000000000000004,547.9282730806791,878,MaxNI Network
0.9000000000000004,520.882383239731,878,MaxNI Network
0.9000000000000004,430.01323323083284,878,MaxNI Network
0.9000000000000004,435.7388203271014,878,MaxNI Network
0.9000000000000004,460.2056176437825,878,MaxNI Network
0.9000000000000004,380.95063766602743,878,MaxNI Network
0.9000000000000004,437.15835046038103,878,MaxNI Network
0.9000000000000004,432.3448872641212,878,MaxNI Network
0.9000000000000004,421.7168498726361,878,MaxNI Network
0.9000000000000004,394.9613715949192,878,MaxNI Network
0.9000000000000004,513.7056998199612,878,MaxNI Network
0.9000000000000004,354.4271153255295,878,MaxNI Network
0.9000000000000004,342.6856066214341,878,MaxNI Network
0.9000000000000004,446.64840522564447,878,MaxNI Network
0.9000000000000004,394.96859728953507,878,MaxNI Network
0.9000000000000004,412.4102611134166,878,MaxNI Network
0.9000000000000004,443.7551666167968,878,MaxNI Network
0.9000000000000004,431.23091760798667,878,MaxNI Network
0.9000000000000004,338.7305200959096,878,MaxNI Network
0.9000000000000004,491.59077494556175,878,MaxNI Network
0.9000000000000004,380.0029046047612,878,MaxNI Network
0.9000000000000004,491.0328722298758,878,MaxNI Network
0.9000000000000004,389.56279779482253,878,MaxNI Network
0.9000000000000004,370.48051795742407,878,MaxNI Network
0.9000000000000004,422.54385462203186,878,MaxNI Network
0.9500000000000004,586.6643508325581,878,MaxNI Network
0.9500000000000004,666.3456370068525,878,MaxNI Network
0.9500000000000004,695.9302320546094,878,MaxNI Network
0.9500000000000004,639.2524328507018,878,MaxNI Network
0.9500000000000004,713.5342420128985,878,MaxNI Network
0.9500000000000004,725.1844718260991,878,MaxNI Network
0.9500000000000004,620.3742056972693,878,MaxNI Network
0.9500000000000004,760.691927762401,878,MaxNI Network
0.9500000000000004,767.4963142706887,878,MaxNI Network
0.9500000000000004,677.2369946338575,878,MaxNI Network
0.9500000000000004,676.4707552254189,878,MaxNI Network
0.9500000000000004,538.3046615632818,878,MaxNI Network
0.9500000000000004,679.5132434185406,878,MaxNI Network
0.9500000000000004,720.5836774768966,878,MaxNI Network
0.9500000000000004,632.0973506933565,878,MaxNI Network
0.9500000000000004,664.2320843144031,878,MaxNI Network
0.9500000000000004,632.554449125907,878,MaxNI Network
0.9500000000000004,709.597480813213,878,MaxNI Network
0.9500000000000004,594.2337140221656,878,MaxNI Network
0.9500000000000004,707.1875816183315,878,MaxNI Network
0.9500000000000004,688.6293351811883,878,MaxNI Network
0.9500000000000004,578.1524134291797,878,MaxNI Network
0.9500000000000004,720.4459998921091,878,MaxNI Network
0.9500000000000004,607.2261723478938,878,MaxNI Network
0.9500000000000004,754.3384769197231,878,MaxNI Network
0.9500000000000004,758.3719582895536,878,MaxNI Network
0.9500000000000004,820.8255377675487,878,MaxNI Network
0.9500000000000004,793.9435435374426,878,MaxNI Network
0.9500000000000004,650.0356255594954,878,MaxNI Network
0.9500000000000004,681.2368693285516,878,MaxNI Network
0.9500000000000004,616.4246565926672,878,MaxNI Network
0.9500000000000004,659.2207680352975,878,MaxNI Network
0.9500000000000004,717.5957675959784,878,MaxNI Network
0.9500000000000004,647.449492938019,878,MaxNI Network
0.9500000000000004,529.6415568917041,878,MaxNI Network
0.9500000000000004,712.8666711936901,878,MaxNI Network
0.9500000000000004,810.1366153601559,878,MaxNI Network
0.9500000000000004,611.793521664287,878,MaxNI Network
0.9500000000000004,667.6077984541377,878,MaxNI Network
0.9500000000000004,667.847394861597,878,MaxNI Network
0.9500000000000004,647.222028201876,878,MaxNI Network
0.9500000000000004,717.087930390316,878,MaxNI Network
0.9500000000000004,717.7971777241913,878,MaxNI Network
0.9500000000000004,696.5837190001611,878,MaxNI Network
0.9500000000000004,689.359775475218,878,MaxNI Network
0.9500000000000004,609.4850161667079,878,MaxNI Network
0.9500000000000004,775.9019404516805,878,MaxNI Network
0.9500000000000004,677.2543412574917,878,MaxNI Network
0.9500000000000004,778.7199436076185,878,MaxNI Network
0.9500000000000004,679.9934476178568,878,MaxNI Network
